Fold,Pre-train Loss,Pre-train Accuracy,Post-train Loss,Post-train Accuracy,Precision,Recall,F1-Score
1,1.2888838052749634,0.38358458961474035,0.08551564812660217,0.9522613065326633,0.9519540406790898,0.9508223258223258,0.9510019020657319
2,1.3390129804611206,0.3860971524288107,0.14185938239097595,0.9338358458961474,0.9344419759289375,0.9317964605504542,0.9319533797523905
3,1.5129835605621338,0.032663316582914576,0.10628554224967957,0.9547738693467337,0.9542100617828773,0.9535775877239291,0.9537014199640604
4,1.4433093070983887,0.1785414920368818,0.11823999881744385,0.9455155071248952,0.944281507656066,0.9441854441854443,0.9442216942945543
5,1.2749687433242798,0.3889354568315172,0.12523867189884186,0.9480301760268232,0.9527919863597614,0.946030821030821,0.9462765451475589
