Fold,Pre-train Loss,Pre-train Accuracy,Post-train Loss,Post-train Accuracy,Precision,Recall,F1-Score
1,1.3852102966164823,0.24874371859296482,0.10521518303982928,0.9472361809045227,0.9466092699610803,0.9462574462574462,0.9459589494592805
2,1.3275437355041504,0.3626465661641541,0.08965896892033472,0.9556113902847572,0.9548176069465091,0.9543835793835794,0.9544918981174648
3,1.3561002024054727,0.2797319932998325,0.13508824928893648,0.9396984924623115,0.9446365094998955,0.9376341815366205,0.9377883674530926
4,1.3520117056839425,0.5020955574182733,0.09117519682289241,0.9597652975691534,0.9588722226354276,0.9588513338513338,0.9588590800249087
5,1.4178992634746874,0.26236378876781224,0.15214800794250113,0.9253981559094719,0.9235936979389785,0.9235949235949236,0.9235777558245324
